x,y,shots,
0,28,0,
0,29,1,
0,30,1,
0,31,4,
0,32,8,
0,33,16,
0,34,24,
0,35,40,
0,36,48,
0,37,59,
0,38,75,
0,39,93,
0,40,92,
0,41,110,
0,42,128,
0,43,138,
0,44,158,
0,45,179,
0,46,192,
0,47,200,
0,48,233,
0,49,252,
0,50,280,
0,51,281,
0,52,289,
0,53,294,
0,54,294,
0,55,282,
0,56,273,
0,57,265,
0,58,242,
0,59,232,
0,60,236,
0,61,222,
0,62,216,
0,63,216,
0,64,211,
0,65,225,
0,66,213,
0,67,214,
0,68,218,
0,69,216,
0,70,216,
0,71,216,
0,72,207,
0,73,206,
0,74,190,
0,75,178,
0,76,171,
0,77,164,
0,78,137,
0,79,139,
0,80,148,
0,81,155,
0,82,172,
0,83,183,
0,84,203,
0,85,191,
0,86,179,
0,87,151,
0,88,128,
0,89,107,
0,90,89,
0,91,67,
1,28,2,
1,29,4,
1,30,8,
1,31,14,
1,32,25,
1,33,35,
1,34,52,
1,35,65,
1,36,81,
1,37,96,
1,38,121,
1,39,137,
1,40,152,
1,41,162,
1,42,186,
1,43,206,
1,44,225,
1,45,254,
1,46,279,
1,47,296,
1,48,318,
1,49,352,
1,50,379,
1,51,398,
1,52,408,
1,53,416,
1,54,417,
1,55,435,
1,56,425,
1,57,418,
1,58,415,
1,59,379,
1,60,368,
1,61,363,
1,62,337,
1,63,328,
1,64,317,
1,65,322,
1,66,320,
1,67,310,
1,68,309,
1,69,309,
1,70,308,
1,71,306,
1,72,303,
1,73,302,
1,74,294,
1,75,268,
1,76,257,
1,77,252,
1,78,245,
1,79,242,
1,80,248,
1,81,264,
1,82,278,
1,83,302,
1,84,316,
1,85,305,
1,86,275,
1,87,234,
1,88,194,
1,89,151,
1,90,121,
1,91,96,
2,28,13,
2,29,24,
2,30,35,
2,31,49,
2,32,61,
2,33,74,
2,34,83,
2,35,98,
2,36,114,
2,37,143,
2,38,166,
2,39,200,
2,40,217,
2,41,232,
2,42,248,
2,43,271,
2,44,303,
2,45,328,
2,46,371,
2,47,395,
2,48,430,
2,49,453,
2,50,494,
2,51,514,
2,52,545,
2,53,538,
2,54,559,
2,55,560,
2,56,569,
2,57,549,
2,58,554,
2,59,531,
2,60,524,
2,61,488,
2,62,487,
2,63,451,
2,64,433,
2,65,437,
2,66,443,
2,67,432,
2,68,419,
2,69,422,
2,70,416,
2,71,414,
2,72,398,
2,73,411,
2,74,391,
2,75,378,
2,76,353,
2,77,361,
2,78,367,
2,79,369,
2,80,381,
2,81,412,
2,82,449,
2,83,472,
2,84,473,
2,85,437,
2,86,396,
2,87,325,
2,88,267,
2,89,205,
2,90,160,
2,91,118,
3,28,35,
3,29,48,
3,30,63,
3,31,76,
3,32,89,
3,33,108,
3,34,119,
3,35,139,
3,36,163,
3,37,195,
3,38,224,
3,39,252,
3,40,281,
3,41,297,
3,42,308,
3,43,336,
3,44,372,
3,45,407,
3,46,441,
3,47,475,
3,48,505,
3,49,545,
3,50,586,
3,51,632,
3,52,666,
3,53,679,
3,54,698,
3,55,714,
3,56,715,
3,57,704,
3,58,694,
3,59,684,
3,60,672,
3,61,643,
3,62,626,
3,63,607,
3,64,583,
3,65,572,
3,66,550,
3,67,538,
3,68,533,
3,69,527,
3,70,528,
3,71,524,
3,72,512,
3,73,506,
3,74,501,
3,75,481,
3,76,479,
3,77,484,
3,78,501,
3,79,517,
3,80,548,
3,81,591,
3,82,633,
3,83,656,
3,84,636,
3,85,594,
3,86,515,
3,87,431,
3,88,346,
3,89,267,
3,90,206,
3,91,144,
4,28,52,
4,29,68,
4,30,87,
4,31,108,
4,32,127,
4,33,151,
4,34,171,
4,35,186,
4,36,211,
4,37,248,
4,38,268,
4,39,310,
4,40,335,
4,41,351,
4,42,382,
4,43,417,
4,44,463,
4,45,501,
4,46,535,
4,47,569,
4,48,597,
4,49,655,
4,50,710,
4,51,752,
4,52,808,
4,53,809,
4,54,824,
4,55,839,
4,56,850,
4,57,844,
4,58,842,
4,59,819,
4,60,790,
4,61,768,
4,62,756,
4,63,736,
4,64,710,
4,65,696,
4,66,672,
4,67,648,
4,68,649,
4,69,645,
4,70,628,
4,71,640,
4,72,624,
4,73,615,
4,74,594,
4,75,597,
4,76,608,
4,77,615,
4,78,642,
4,79,693,
4,80,736,
4,81,790,
4,82,833,
4,83,844,
4,84,826,
4,85,763,
4,86,668,
4,87,546,
4,88,443,
4,89,325,
4,90,251,
4,91,172,
5,28,69,
5,29,93,
5,30,117,
5,31,145,
5,32,172,
5,33,201,
5,34,214,
5,35,237,
5,36,257,
5,37,293,
5,38,323,
5,39,360,
5,40,379,
5,41,411,
5,42,444,
5,43,474,
5,44,526,
5,45,566,
5,46,625,
5,47,654,
5,48,687,
5,49,741,
5,50,817,
5,51,855,
5,52,912,
5,53,898,
5,54,938,
5,55,944,
5,56,950,
5,57,971,
5,58,994,
5,59,953,
5,60,927,
5,61,894,
5,62,875,
5,63,843,
5,64,820,
5,65,813,
5,66,787,
5,67,754,
5,68,760,
5,69,751,
5,70,722,
5,71,733,
5,72,717,
5,73,704,
5,74,698,
5,75,714,
5,76,738,
5,77,768,
5,78,799,
5,79,854,
5,80,925,
5,81,983,
5,82,1025,
5,83,1052,
5,84,1014,
5,85,913,
5,86,804,
5,87,659,
5,88,521,
5,89,381,
5,90,281,
5,91,199,
6,28,87,
6,29,116,
6,30,145,
6,31,186,
6,32,212,
6,33,243,
6,34,266,
6,35,281,
6,36,297,
6,37,340,
6,38,367,
6,39,418,
6,40,446,
6,41,467,
6,42,504,
6,43,529,
6,44,566,
6,45,617,
6,46,665,
6,47,730,
6,48,763,
6,49,813,
6,50,874,
6,51,939,
6,52,989,
6,53,1028,
6,54,1044,
6,55,1069,
6,56,1074,
6,57,1098,
6,58,1099,
6,59,1066,
6,60,1029,
6,61,1017,
6,62,992,
6,63,962,
6,64,918,
6,65,913,
6,66,883,
6,67,847,
6,68,848,
6,69,851,
6,70,818,
6,71,837,
6,72,818,
6,73,800,
6,74,804,
6,75,837,
6,76,876,
6,77,893,
6,78,961,
6,79,1033,
6,80,1099,
6,81,1178,
6,82,1231,
6,83,1221,
6,84,1183,
6,85,1069,
6,86,928,
6,87,785,
6,88,611,
6,89,434,
6,90,317,
6,91,204,
7,28,108,
7,29,151,
7,30,187,
7,31,235,
7,32,263,
7,33,313,
7,34,317,
7,35,332,
7,36,348,
7,37,379,
7,38,406,
7,39,459,
7,40,490,
7,41,547,
7,42,549,
7,43,567,
7,44,614,
7,45,649,
7,46,711,
7,47,769,
7,48,804,
7,49,854,
7,50,919,
7,51,971,
7,52,1047,
7,53,1077,
7,54,1111,
7,55,1120,
7,56,1163,
7,57,1170,
7,58,1182,
7,59,1150,
7,60,1128,
7,61,1094,
7,62,1089,
7,63,1063,
7,64,1040,
7,65,999,
7,66,952,
7,67,918,
7,68,926,
7,69,900,
7,70,889,
7,71,910,
7,72,893,
7,73,892,
7,74,911,
7,75,935,
7,76,998,
7,77,1050,
7,78,1135,
7,79,1208,
7,80,1307,
7,81,1368,
7,82,1392,
7,83,1376,
7,84,1304,
7,85,1183,
7,86,1034,
7,87,866,
7,88,672,
7,89,472,
7,90,318,
7,91,200,
8,28,145,
8,29,197,
8,30,239,
8,31,293,
8,32,317,
8,33,363,
8,34,375,
8,35,376,
8,36,395,
8,37,425,
8,38,443,
8,39,471,
8,40,521,
8,41,571,
8,42,577,
8,43,603,
8,44,639,
8,45,692,
8,46,736,
8,47,785,
8,48,814,
8,49,869,
8,50,926,
8,51,977,
8,52,1062,
8,53,1116,
8,54,1129,
8,55,1163,
8,56,1203,
8,57,1227,
8,58,1249,
8,59,1213,
8,60,1208,
8,61,1173,
8,62,1130,
8,63,1126,
8,64,1111,
8,65,1059,
8,66,1021,
8,67,968,
8,68,965,
8,69,948,
8,70,927,
8,71,936,
8,72,970,
8,73,969,
8,74,993,
8,75,1053,
8,76,1138,
8,77,1208,
8,78,1282,
8,79,1369,
8,80,1472,
8,81,1531,
8,82,1555,
8,83,1534,
8,84,1418,
8,85,1260,
8,86,1092,
8,87,901,
8,88,701,
8,89,483,
8,90,311,
8,91,193,
9,28,185,
9,29,239,
9,30,285,
9,31,342,
9,32,375,
9,33,411,
9,34,419,
9,35,430,
9,36,433,
9,37,461,
9,38,483,
9,39,513,
9,40,535,
9,41,588,
9,42,616,
9,43,633,
9,44,679,
9,45,731,
9,46,768,
9,47,810,
9,48,859,
9,49,884,
9,50,948,
9,51,1000,
9,52,1078,
9,53,1125,
9,54,1143,
9,55,1173,
9,56,1215,
9,57,1255,
9,58,1263,
9,59,1245,
9,60,1235,
9,61,1201,
9,62,1186,
9,63,1161,
9,64,1164,
9,65,1135,
9,66,1069,
9,67,1025,
9,68,990,
9,69,974,
9,70,962,
9,71,983,
9,72,998,
9,73,1036,
9,74,1051,
9,75,1149,
9,76,1243,
9,77,1324,
9,78,1416,
9,79,1523,
9,80,1602,
9,81,1681,
9,82,1677,
9,83,1637,
9,84,1527,
9,85,1315,
9,86,1131,
9,87,924,
9,88,701,
9,89,475,
9,90,304,
9,91,185,
10,28,218,
10,29,276,
10,30,338,
10,31,394,
10,32,431,
10,33,464,
10,34,454,
10,35,455,
10,36,458,
10,37,479,
10,38,509,
10,39,542,
10,40,575,
10,41,624,
10,42,624,
10,43,669,
10,44,684,
10,45,754,
10,46,785,
10,47,839,
10,48,882,
10,49,901,
10,50,959,
10,51,1037,
10,52,1091,
10,53,1142,
10,54,1173,
10,55,1216,
10,56,1250,
10,57,1271,
10,58,1305,
10,59,1304,
10,60,1290,
10,61,1268,
10,62,1243,
10,63,1222,
10,64,1231,
10,65,1192,
10,66,1128,
10,67,1079,
10,68,1043,
10,69,1007,
10,70,1022,
10,71,1017,
10,72,1046,
10,73,1082,
10,74,1154,
10,75,1210,
10,76,1336,
10,77,1417,
10,78,1546,
10,79,1625,
10,80,1713,
10,81,1773,
10,82,1764,
10,83,1690,
10,84,1559,
10,85,1354,
10,86,1156,
10,87,925,
10,88,684,
10,89,469,
10,90,290,
10,91,186,
11,28,242,
11,29,321,
11,30,382,
11,31,442,
11,32,485,
11,33,509,
11,34,499,
11,35,504,
11,36,512,
11,37,521,
11,38,545,
11,39,574,
11,40,607,
11,41,637,
11,42,652,
11,43,689,
11,44,738,
11,45,786,
11,46,843,
11,47,895,
11,48,944,
11,49,961,
11,50,1007,
11,51,1087,
11,52,1169,
11,53,1208,
11,54,1210,
11,55,1242,
11,56,1278,
11,57,1300,
11,58,1306,
11,59,1342,
11,60,1324,
11,61,1307,
11,62,1294,
11,63,1290,
11,64,1261,
11,65,1228,
11,66,1190,
11,67,1147,
11,68,1082,
11,69,1060,
11,70,1052,
11,71,1060,
11,72,1091,
11,73,1148,
11,74,1197,
11,75,1300,
11,76,1396,
11,77,1501,
11,78,1621,
11,79,1701,
11,80,1799,
11,81,1860,
11,82,1851,
11,83,1764,
11,84,1596,
11,85,1367,
11,86,1152,
11,87,893,
11,88,666,
11,89,450,
11,90,297,
11,91,179,
12,28,265,
12,29,340,
12,30,399,
12,31,463,
12,32,511,
12,33,551,
12,34,548,
12,35,554,
12,36,538,
12,37,556,
12,38,567,
12,39,578,
12,40,621,
12,41,667,
12,42,685,
12,43,714,
12,44,755,
12,45,822,
12,46,879,
12,47,913,
12,48,957,
12,49,1005,
12,50,1060,
12,51,1159,
12,52,1237,
12,53,1271,
12,54,1294,
12,55,1313,
12,56,1343,
12,57,1356,
12,58,1361,
12,59,1374,
12,60,1369,
12,61,1353,
12,62,1329,
12,63,1339,
12,64,1338,
12,65,1279,
12,66,1241,
12,67,1193,
12,68,1129,
12,69,1089,
12,70,1070,
12,71,1103,
12,72,1140,
12,73,1190,
12,74,1266,
12,75,1362,
12,76,1475,
12,77,1564,
12,78,1683,
12,79,1759,
12,80,1849,
12,81,1870,
12,82,1833,
12,83,1733,
12,84,1561,
12,85,1324,
12,86,1110,
12,87,854,
12,88,638,
12,89,435,
12,90,276,
12,91,171,
13,28,278,
13,29,360,
13,30,440,
13,31,500,
13,32,565,
13,33,618,
13,34,599,
13,35,597,
13,36,575,
13,37,575,
13,38,588,
13,39,613,
13,40,654,
13,41,687,
13,42,735,
13,43,775,
13,44,808,
13,45,898,
13,46,930,
13,47,981,
13,48,1026,
13,49,1092,
13,50,1183,
13,51,1261,
13,52,1314,
13,53,1371,
13,54,1370,
13,55,1391,
13,56,1426,
13,57,1444,
13,58,1447,
13,59,1449,
13,60,1431,
13,61,1432,
13,62,1420,
13,63,1404,
13,64,1358,
13,65,1333,
13,66,1295,
13,67,1267,
13,68,1208,
13,69,1169,
13,70,1145,
13,71,1155,
13,72,1206,
13,73,1261,
13,74,1330,
13,75,1431,
13,76,1549,
13,77,1626,
13,78,1733,
13,79,1828,
13,80,1859,
13,81,1858,
13,82,1826,
13,83,1708,
13,84,1537,
13,85,1310,
13,86,1083,
13,87,823,
13,88,590,
13,89,405,
13,90,269,
13,91,169,
14,28,309,
14,29,406,
14,30,487,
14,31,561,
14,32,619,
14,33,661,
14,34,650,
14,35,644,
14,36,622,
14,37,623,
14,38,635,
14,39,665,
14,40,701,
14,41,734,
14,42,766,
14,43,801,
14,44,859,
14,45,925,
14,46,989,
14,47,1045,
14,48,1107,
14,49,1187,
14,50,1274,
14,51,1361,
14,52,1436,
14,53,1443,
14,54,1468,
14,55,1495,
14,56,1488,
14,57,1512,
14,58,1543,
14,59,1530,
14,60,1521,
14,61,1539,
14,62,1528,
14,63,1479,
14,64,1448,
14,65,1393,
14,66,1353,
14,67,1311,
14,68,1264,
14,69,1216,
14,70,1199,
14,71,1201,
14,72,1242,
14,73,1302,
14,74,1409,
14,75,1495,
14,76,1603,
14,77,1692,
14,78,1786,
14,79,1843,
14,80,1858,
14,81,1828,
14,82,1780,
14,83,1671,
14,84,1464,
14,85,1237,
14,86,1022,
14,87,763,
14,88,545,
14,89,378,
14,90,247,
14,91,168,
15,28,339,
15,29,438,
15,30,532,
15,31,612,
15,32,675,
15,33,731,
15,34,711,
15,35,685,
15,36,669,
15,37,672,
15,38,686,
15,39,727,
15,40,784,
15,41,819,
15,42,836,
15,43,870,
15,44,934,
15,45,992,
15,46,1060,
15,47,1143,
15,48,1235,
15,49,1320,
15,50,1428,
15,51,1498,
15,52,1555,
15,53,1596,
15,54,1618,
15,55,1646,
15,56,1642,
15,57,1629,
15,58,1641,
15,59,1634,
15,60,1634,
15,61,1654,
15,62,1649,
15,63,1634,
15,64,1583,
15,65,1522,
15,66,1472,
15,67,1395,
15,68,1336,
15,69,1310,
15,70,1262,
15,71,1251,
15,72,1298,
15,73,1364,
15,74,1443,
15,75,1567,
15,76,1646,
15,77,1731,
15,78,1836,
15,79,1870,
15,80,1867,
15,81,1851,
15,82,1763,
15,83,1627,
15,84,1423,
15,85,1215,
15,86,977,
15,87,733,
15,88,540,
15,89,352,
15,90,239,
15,91,155,
16,28,374,
16,29,481,
16,30,583,
16,31,663,
16,32,742,
16,33,801,
16,34,778,
16,35,746,
16,36,739,
16,37,732,
16,38,749,
16,39,797,
16,40,857,
16,41,889,
16,42,921,
16,43,937,
16,44,1012,
16,45,1086,
16,46,1182,
16,47,1291,
16,48,1388,
16,49,1505,
16,50,1596,
16,51,1636,
16,52,1702,
16,53,1723,
16,54,1694,
16,55,1774,
16,56,1778,
16,57,1798,
16,58,1792,
16,59,1758,
16,60,1771,
16,61,1775,
16,62,1771,
16,63,1769,
16,64,1689,
16,65,1639,
16,66,1576,
16,67,1513,
16,68,1436,
16,69,1376,
16,70,1322,
16,71,1310,
16,72,1310,
16,73,1401,
16,74,1478,
16,75,1558,
16,76,1654,
16,77,1742,
16,78,1823,
16,79,1887,
16,80,1899,
16,81,1838,
16,82,1740,
16,83,1610,
16,84,1409,
16,85,1185,
16,86,933,
16,87,710,
16,88,490,
16,89,326,
16,90,231,
16,91,146,
17,28,396,
17,29,510,
17,30,623,
17,31,716,
17,32,796,
17,33,859,
17,34,843,
17,35,851,
17,36,835,
17,37,836,
17,38,847,
17,39,879,
17,40,917,
17,41,977,
17,42,1000,
17,43,1038,
17,44,1107,
17,45,1237,
17,46,1317,
17,47,1450,
17,48,1558,
17,49,1647,
17,50,1774,
17,51,1812,
17,52,1858,
17,53,1872,
17,54,1874,
17,55,1898,
17,56,1933,
17,57,1924,
17,58,1907,
17,59,1886,
17,60,1930,
17,61,1921,
17,62,1917,
17,63,1914,
17,64,1844,
17,65,1764,
17,66,1680,
17,67,1606,
17,68,1515,
17,69,1438,
17,70,1369,
17,71,1331,
17,72,1373,
17,73,1423,
17,74,1480,
17,75,1558,
17,76,1644,
17,77,1714,
17,78,1806,
17,79,1871,
17,80,1898,
17,81,1822,
17,82,1731,
17,83,1586,
17,84,1398,
17,85,1164,
17,86,940,
17,87,699,
17,88,495,
17,89,327,
17,90,217,
17,91,147,
18,28,420,
18,29,544,
18,30,666,
18,31,781,
18,32,871,
18,33,920,
18,34,940,
18,35,939,
18,36,924,
18,37,922,
18,38,956,
18,39,971,
18,40,1020,
18,41,1037,
18,42,1084,
18,43,1121,
18,44,1240,
18,45,1338,
18,46,1477,
18,47,1594,
18,48,1683,
18,49,1789,
18,50,1918,
18,51,1967,
18,52,1999,
18,53,2008,
18,54,2014,
18,55,2044,
18,56,2025,
18,57,2027,
18,58,1992,
18,59,1979,
18,60,2043,
18,61,2058,
18,62,2064,
18,63,2048,
18,64,1959,
18,65,1864,
18,66,1768,
18,67,1664,
18,68,1585,
18,69,1476,
18,70,1401,
18,71,1365,
18,72,1373,
18,73,1429,
18,74,1467,
18,75,1538,
18,76,1605,
18,77,1715,
18,78,1781,
18,79,1851,
18,80,1835,
18,81,1793,
18,82,1664,
18,83,1537,
18,84,1334,
18,85,1145,
18,86,897,
18,87,693,
18,88,489,
18,89,321,
18,90,205,
18,91,136,
19,28,444,
19,29,583,
19,30,721,
19,31,842,
19,32,922,
19,33,1018,
19,34,1024,
19,35,1033,
19,36,1015,
19,37,1027,
19,38,1035,
19,39,1088,
19,40,1108,
19,41,1135,
19,42,1170,
19,43,1243,
19,44,1349,
19,45,1468,
19,46,1592,
19,47,1717,
19,48,1813,
19,49,1927,
19,50,2051,
19,51,2109,
19,52,2143,
19,53,2118,
19,54,2147,
19,55,2167,
19,56,2149,
19,57,2102,
19,58,2102,
19,59,2090,
19,60,2149,
19,61,2162,
19,62,2126,
19,63,2091,
19,64,2008,
19,65,1922,
19,66,1834,
19,67,1712,
19,68,1617,
19,69,1508,
19,70,1422,
19,71,1396,
19,72,1357,
19,73,1414,
19,74,1453,
19,75,1501,
19,76,1593,
19,77,1679,
19,78,1753,
19,79,1789,
19,80,1797,
19,81,1741,
19,82,1637,
19,83,1492,
19,84,1317,
19,85,1103,
19,86,857,
19,87,647,
19,88,463,
19,89,305,
19,90,198,
19,91,130,
20,28,466,
20,29,615,
20,30,750,
20,31,878,
20,32,1003,
20,33,1094,
20,34,1105,
20,35,1130,
20,36,1098,
20,37,1104,
20,38,1152,
20,39,1168,
20,40,1199,
20,41,1220,
20,42,1292,
20,43,1366,
20,44,1492,
20,45,1614,
20,46,1748,
20,47,1849,
20,48,1954,
20,49,2069,
20,50,2181,
20,51,2219,
20,52,2249,
20,53,2228,
20,54,2243,
20,55,2224,
20,56,2209,
20,57,2185,
20,58,2166,
20,59,2166,
20,60,2193,
20,61,2200,
20,62,2160,
20,63,2150,
20,64,2054,
20,65,1978,
20,66,1907,
20,67,1762,
20,68,1633,
20,69,1516,
20,70,1418,
20,71,1375,
20,72,1356,
20,73,1392,
20,74,1412,
20,75,1471,
20,76,1542,
20,77,1625,
20,78,1693,
20,79,1729,
20,80,1761,
20,81,1716,
20,82,1600,
20,83,1466,
20,84,1275,
20,85,1065,
20,86,817,
20,87,623,
20,88,447,
20,89,293,
20,90,184,
20,91,120,
21,28,489,
21,29,630,
21,30,770,
21,31,920,
21,32,1052,
21,33,1155,
21,34,1185,
21,35,1207,
21,36,1181,
21,37,1201,
21,38,1230,
21,39,1280,
21,40,1321,
21,41,1355,
21,42,1420,
21,43,1494,
21,44,1640,
21,45,1762,
21,46,1890,
21,47,1992,
21,48,2087,
21,49,2202,
21,50,2313,
21,51,2340,
21,52,2357,
21,53,2330,
21,54,2339,
21,55,2311,
21,56,2277,
21,57,2256,
21,58,2239,
21,59,2237,
21,60,2254,
21,61,2245,
21,62,2206,
21,63,2161,
21,64,2099,
21,65,2019,
21,66,1925,
21,67,1778,
21,68,1646,
21,69,1484,
21,70,1390,
21,71,1361,
21,72,1328,
21,73,1349,
21,74,1382,
21,75,1431,
21,76,1487,
21,77,1563,
21,78,1632,
21,79,1675,
21,80,1678,
21,81,1644,
21,82,1550,
21,83,1409,
21,84,1232,
21,85,1026,
21,86,800,
21,87,612,
21,88,430,
21,89,284,
21,90,167,
21,91,110,
22,28,497,
22,29,672,
22,30,815,
22,31,963,
22,32,1124,
22,33,1244,
22,34,1246,
22,35,1273,
22,36,1280,
22,37,1301,
22,38,1339,
22,39,1393,
22,40,1440,
22,41,1479,
22,42,1527,
22,43,1633,
22,44,1788,
22,45,1884,
22,46,2000,
22,47,2111,
22,48,2208,
22,49,2310,
22,50,2410,
22,51,2460,
22,52,2455,
22,53,2397,
22,54,2416,
22,55,2377,
22,56,2339,
22,57,2304,
22,58,2302,
22,59,2291,
22,60,2317,
22,61,2318,
22,62,2255,
22,63,2190,
22,64,2107,
22,65,1985,
22,66,1890,
22,67,1757,
22,68,1627,
22,69,1487,
22,70,1388,
22,71,1318,
22,72,1287,
22,73,1280,
22,74,1305,
22,75,1349,
22,76,1449,
22,77,1499,
22,78,1583,
22,79,1636,
22,80,1614,
22,81,1603,
22,82,1518,
22,83,1371,
22,84,1231,
22,85,1021,
22,86,806,
22,87,610,
22,88,422,
22,89,279,
22,90,165,
22,91,104,
23,28,537,
23,29,702,
23,30,860,
23,31,1022,
23,32,1166,
23,33,1297,
23,34,1317,
23,35,1334,
23,36,1368,
23,37,1412,
23,38,1449,
23,39,1506,
23,40,1585,
23,41,1612,
23,42,1651,
23,43,1757,
23,44,1901,
23,45,1999,
23,46,2115,
23,47,2208,
23,48,2292,
23,49,2396,
23,50,2512,
23,51,2551,
23,52,2539,
23,53,2472,
23,54,2462,
23,55,2438,
23,56,2390,
23,57,2335,
23,58,2325,
23,59,2297,
23,60,2311,
23,61,2313,
23,62,2267,
23,63,2191,
23,64,2089,
23,65,1993,
23,66,1886,
23,67,1711,
23,68,1608,
23,69,1459,
23,70,1323,
23,71,1271,
23,72,1193,
23,73,1191,
23,74,1257,
23,75,1281,
23,76,1373,
23,77,1460,
23,78,1518,
23,79,1553,
23,80,1557,
23,81,1542,
23,82,1467,
23,83,1331,
23,84,1172,
23,85,973,
23,86,768,
23,87,578,
23,88,416,
23,89,281,
23,90,158,
23,91,99,
24,28,544,
24,29,712,
24,30,895,
24,31,1069,
24,32,1242,
24,33,1386,
24,34,1395,
24,35,1446,
24,36,1475,
24,37,1521,
24,38,1564,
24,39,1646,
24,40,1719,
24,41,1759,
24,42,1788,
24,43,1886,
24,44,2015,
24,45,2132,
24,46,2191,
24,47,2282,
24,48,2396,
24,49,2467,
24,50,2549,
24,51,2579,
24,52,2568,
24,53,2519,
24,54,2496,
24,55,2477,
24,56,2458,
24,57,2387,
24,58,2348,
24,59,2303,
24,60,2309,
24,61,2268,
24,62,2216,
24,63,2144,
24,64,2043,
24,65,1945,
24,66,1833,
24,67,1684,
24,68,1541,
24,69,1417,
24,70,1298,
24,71,1209,
24,72,1146,
24,73,1131,
24,74,1170,
24,75,1231,
24,76,1322,
24,77,1374,
24,78,1454,
24,79,1490,
24,80,1483,
24,81,1504,
24,82,1457,
24,83,1330,
24,84,1162,
24,85,952,
24,86,753,
24,87,564,
24,88,407,
24,89,268,
24,90,168,
24,91,107,
25,28,571,
25,29,738,
25,30,930,
25,31,1133,
25,32,1330,
25,33,1479,
25,34,1509,
25,35,1547,
25,36,1563,
25,37,1624,
25,38,1699,
25,39,1779,
25,40,1888,
25,41,1911,
25,42,1944,
25,43,2042,
25,44,2144,
25,45,2225,
25,46,2308,
25,47,2352,
25,48,2439,
25,49,2508,
25,50,2560,
25,51,2557,
25,52,2543,
25,53,2493,
25,54,2482,
25,55,2494,
25,56,2480,
25,57,2383,
25,58,2338,
25,59,2286,
25,60,2269,
25,61,2204,
25,62,2165,
25,63,2063,
25,64,1979,
25,65,1858,
25,66,1752,
25,67,1598,
25,68,1478,
25,69,1339,
25,70,1235,
25,71,1171,
25,72,1101,
25,73,1071,
25,74,1125,
25,75,1142,
25,76,1231,
25,77,1302,
25,78,1347,
25,79,1425,
25,80,1423,
25,81,1425,
25,82,1376,
25,83,1281,
25,84,1113,
25,85,913,
25,86,716,
25,87,554,
25,88,377,
25,89,262,
25,90,164,
25,91,110,
26,28,577,
26,29,773,
26,30,974,
26,31,1192,
26,32,1396,
26,33,1566,
26,34,1602,
26,35,1691,
26,36,1725,
26,37,1763,
26,38,1860,
26,39,1934,
26,40,1978,
26,41,2038,
26,42,2094,
26,43,2170,
26,44,2256,
26,45,2327,
26,46,2376,
26,47,2415,
26,48,2458,
26,49,2490,
26,50,2563,
26,51,2570,
26,52,2562,
26,53,2509,
26,54,2512,
26,55,2499,
26,56,2444,
26,57,2365,
26,58,2299,
26,59,2210,
26,60,2201,
26,61,2164,
26,62,2076,
26,63,1994,
26,64,1880,
26,65,1762,
26,66,1656,
26,67,1509,
26,68,1396,
26,69,1282,
26,70,1173,
26,71,1100,
26,72,1060,
26,73,1036,
26,74,1070,
26,75,1084,
26,76,1177,
26,77,1235,
26,78,1304,
26,79,1360,
26,80,1406,
26,81,1376,
26,82,1342,
26,83,1195,
26,84,1054,
26,85,860,
26,86,704,
26,87,529,
26,88,384,
26,89,256,
26,90,162,
26,91,102,
27,28,608,
27,29,833,
27,30,1038,
27,31,1283,
27,32,1509,
27,33,1665,
27,34,1753,
27,35,1819,
27,36,1850,
27,37,1926,
27,38,2004,
27,39,2032,
27,40,2123,
27,41,2163,
27,42,2233,
27,43,2297,
27,44,2345,
27,45,2373,
27,46,2405,
27,47,2412,
27,48,2468,
27,49,2496,
27,50,2549,
27,51,2551,
27,52,2531,
27,53,2503,
27,54,2489,
27,55,2470,
27,56,2428,
27,57,2366,
27,58,2270,
27,59,2188,
27,60,2146,
27,61,2076,
27,62,1991,
27,63,1903,
27,64,1779,
27,65,1668,
27,66,1581,
27,67,1461,
27,68,1358,
27,69,1254,
27,70,1129,
27,71,1065,
27,72,1022,
27,73,1009,
27,74,1032,
27,75,1060,
27,76,1112,
27,77,1193,
27,78,1248,
27,79,1280,
27,80,1315,
27,81,1333,
27,82,1274,
27,83,1160,
27,84,1016,
27,85,827,
27,86,666,
27,87,509,
27,88,373,
27,89,252,
27,90,153,
27,91,96,
28,28,679,
28,29,899,
28,30,1148,
28,31,1420,
28,32,1627,
28,33,1842,
28,34,1924,
28,35,2011,
28,36,2074,
28,37,2146,
28,38,2169,
28,39,2243,
28,40,2291,
28,41,2346,
28,42,2373,
28,43,2414,
28,44,2424,
28,45,2473,
28,46,2456,
28,47,2474,
28,48,2477,
28,49,2505,
28,50,2571,
28,51,2539,
28,52,2519,
28,53,2485,
28,54,2480,
28,55,2473,
28,56,2423,
28,57,2336,
28,58,2261,
28,59,2155,
28,60,2099,
28,61,2026,
28,62,1922,
28,63,1810,
28,64,1694,
28,65,1585,
28,66,1509,
28,67,1409,
28,68,1322,
28,69,1204,
28,70,1120,
28,71,1056,
28,72,993,
28,73,977,
28,74,1008,
28,75,1022,
28,76,1083,
28,77,1148,
28,78,1194,
28,79,1247,
28,80,1277,
28,81,1295,
28,82,1258,
28,83,1154,
28,84,1015,
28,85,846,
28,86,657,
28,87,501,
28,88,372,
28,89,246,
28,90,153,
28,91,96,
29,28,750,
29,29,1004,
29,30,1274,
29,31,1587,
29,32,1858,
29,33,2072,
29,34,2167,
29,35,2264,
29,36,2347,
29,37,2416,
29,38,2470,
29,39,2486,
29,40,2504,
29,41,2479,
29,42,2462,
29,43,2463,
29,44,2496,
29,45,2491,
29,46,2480,
29,47,2484,
29,48,2460,
29,49,2474,
29,50,2490,
29,51,2477,
29,52,2456,
29,53,2393,
29,54,2399,
29,55,2381,
29,56,2333,
29,57,2291,
29,58,2204,
29,59,2114,
29,60,2052,
29,61,1969,
29,62,1860,
29,63,1752,
29,64,1645,
29,65,1526,
29,66,1446,
29,67,1361,
29,68,1255,
29,69,1161,
29,70,1068,
29,71,1020,
29,72,975,
29,73,963,
29,74,999,
29,75,994,
29,76,1049,
29,77,1096,
29,78,1141,
29,79,1188,
29,80,1237,
29,81,1243,
29,82,1216,
29,83,1108,
29,84,989,
29,85,818,
29,86,659,
29,87,504,
29,88,358,
29,89,234,
29,90,153,
29,91,95,
30,28,831,
30,29,1126,
30,30,1442,
30,31,1796,
30,32,2103,
30,33,2389,
30,34,2510,
30,35,2590,
30,36,2666,
30,37,2746,
30,38,2724,
30,39,2745,
30,40,2725,
30,41,2684,
30,42,2592,
30,43,2568,
30,44,2557,
30,45,2509,
30,46,2459,
30,47,2468,
30,48,2430,
30,49,2400,
30,50,2437,
30,51,2421,
30,52,2398,
30,53,2331,
30,54,2349,
30,55,2321,
30,56,2287,
30,57,2205,
30,58,2149,
30,59,2063,
30,60,1985,
30,61,1867,
30,62,1766,
30,63,1651,
30,64,1566,
30,65,1476,
30,66,1407,
30,67,1312,
30,68,1209,
30,69,1124,
30,70,1029,
30,71,1010,
30,72,965,
30,73,954,
30,74,979,
30,75,983,
30,76,1005,
30,77,1072,
30,78,1101,
30,79,1158,
30,80,1204,
30,81,1220,
30,82,1176,
30,83,1097,
30,84,980,
30,85,817,
30,86,659,
30,87,508,
30,88,362,
30,89,239,
30,90,140,
30,91,86,
31,28,967,
31,29,1350,
31,30,1751,
31,31,2182,
31,32,2540,
31,33,2866,
31,34,2976,
31,35,3071,
31,36,3121,
31,37,3155,
31,38,3132,
31,39,3064,
31,40,2964,
31,41,2893,
31,42,2790,
31,43,2688,
31,44,2647,
31,45,2546,
31,46,2422,
31,47,2432,
31,48,2389,
31,49,2356,
31,50,2368,
31,51,2359,
31,52,2321,
31,53,2275,
31,54,2276,
31,55,2254,
31,56,2167,
31,57,2137,
31,58,2076,
31,59,1964,
31,60,1917,
31,61,1840,
31,62,1723,
31,63,1622,
31,64,1521,
31,65,1427,
31,66,1334,
31,67,1276,
31,68,1177,
31,69,1117,
31,70,1047,
31,71,1000,
31,72,948,
31,73,950,
31,74,941,
31,75,963,
31,76,997,
31,77,1074,
31,78,1118,
31,79,1178,
31,80,1200,
31,81,1220,
31,82,1172,
31,83,1079,
31,84,957,
31,85,802,
31,86,636,
31,87,502,
31,88,357,
31,89,233,
31,90,135,
31,91,85,
32,28,1189,
32,29,1637,
32,30,2160,
32,31,2692,
32,32,3118,
32,33,3500,
32,34,3662,
32,35,3740,
32,36,3743,
32,37,3748,
32,38,3638,
32,39,3475,
32,40,3323,
32,41,3172,
32,42,2984,
32,43,2917,
32,44,2800,
32,45,2646,
32,46,2514,
32,47,2443,
32,48,2378,
32,49,2348,
32,50,2340,
32,51,2313,
32,52,2292,
32,53,2260,
32,54,2230,
32,55,2182,
32,56,2148,
32,57,2063,
32,58,2001,
32,59,1920,
32,60,1855,
32,61,1790,
32,62,1703,
32,63,1596,
32,64,1495,
32,65,1400,
32,66,1326,
32,67,1255,
32,68,1179,
32,69,1125,
32,70,1059,
32,71,1026,
32,72,975,
32,73,933,
32,74,968,
32,75,979,
32,76,1011,
32,77,1082,
32,78,1123,
32,79,1180,
32,80,1203,
32,81,1219,
32,82,1198,
32,83,1095,
32,84,981,
32,85,827,
32,86,648,
32,87,499,
32,88,353,
32,89,227,
32,90,137,
32,91,84,
33,28,1425,
33,29,1953,
33,30,2607,
33,31,3207,
33,32,3778,
33,33,4241,
33,34,4423,
33,35,4477,
33,36,4507,
33,37,4432,
33,38,4245,
33,39,4001,
33,40,3734,
33,41,3486,
33,42,3242,
33,43,3088,
33,44,2945,
33,45,2758,
33,46,2607,
33,47,2509,
33,48,2389,
33,49,2350,
33,50,2298,
33,51,2275,
33,52,2226,
33,53,2192,
33,54,2164,
33,55,2159,
33,56,2071,
33,57,2035,
33,58,1967,
33,59,1880,
33,60,1804,
33,61,1729,
33,62,1663,
33,63,1586,
33,64,1472,
33,65,1386,
33,66,1319,
33,67,1226,
33,68,1156,
33,69,1122,
33,70,1067,
33,71,1034,
33,72,1002,
33,73,961,
33,74,986,
33,75,1003,
33,76,1035,
33,77,1094,
33,78,1132,
33,79,1195,
33,80,1227,
33,81,1227,
33,82,1233,
33,83,1141,
33,84,1014,
33,85,854,
33,86,678,
33,87,499,
33,88,356,
33,89,216,
33,90,139,
33,91,81,
34,28,1611,
34,29,2212,
34,30,2867,
34,31,3601,
34,32,4296,
34,33,4895,
34,34,5149,
34,35,5283,
34,36,5293,
34,37,5278,
34,38,5008,
34,39,4622,
34,40,4259,
34,41,3860,
34,42,3531,
34,43,3311,
34,44,3104,
34,45,2870,
34,46,2709,
34,47,2552,
34,48,2449,
34,49,2367,
34,50,2340,
34,51,2265,
34,52,2191,
34,53,2175,
34,54,2155,
34,55,2084,
34,56,2059,
34,57,1993,
34,58,1946,
34,59,1860,
34,60,1776,
34,61,1693,
34,62,1633,
34,63,1538,
34,64,1468,
34,65,1414,
34,66,1306,
34,67,1236,
34,68,1164,
34,69,1143,
34,70,1098,
34,71,1057,
34,72,1032,
34,73,1024,
34,74,1000,
34,75,1027,
34,76,1059,
34,77,1115,
34,78,1161,
34,79,1223,
34,80,1252,
34,81,1267,
34,82,1224,
34,83,1147,
34,84,1033,
34,85,856,
34,86,687,
34,87,527,
34,88,347,
34,89,222,
34,90,145,
34,91,98,
35,28,1715,
35,29,2296,
35,30,3027,
35,31,3837,
35,32,4671,
35,33,5472,
35,34,5808,
35,35,6098,
35,36,6194,
35,37,6123,
35,38,5820,
35,39,5352,
35,40,4775,
35,41,4307,
35,42,3857,
35,43,3565,
35,44,3247,
35,45,3027,
35,46,2803,
35,47,2638,
35,48,2516,
35,49,2459,
35,50,2395,
35,51,2301,
35,52,2234,
35,53,2208,
35,54,2151,
35,55,2091,
35,56,2039,
35,57,1982,
35,58,1933,
35,59,1844,
35,60,1790,
35,61,1688,
35,62,1587,
35,63,1536,
35,64,1460,
35,65,1391,
35,66,1314,
35,67,1247,
35,68,1192,
35,69,1171,
35,70,1133,
35,71,1095,
35,72,1088,
35,73,1049,
35,74,1045,
35,75,1047,
35,76,1094,
35,77,1157,
35,78,1199,
35,79,1294,
35,80,1331,
35,81,1317,
35,82,1299,
35,83,1192,
35,84,1053,
35,85,902,
35,86,707,
35,87,528,
35,88,367,
35,89,240,
35,90,156,
35,91,97,
36,28,1722,
36,29,2337,
36,30,3107,
36,31,3985,
36,32,4954,
36,33,5871,
36,34,6360,
36,35,6731,
36,36,6941,
36,37,6895,
36,38,6680,
36,39,6152,
36,40,5496,
36,41,4864,
36,42,4342,
36,43,3923,
36,44,3516,
36,45,3230,
36,46,2996,
36,47,2820,
36,48,2657,
36,49,2570,
36,50,2478,
36,51,2393,
36,52,2290,
36,53,2278,
36,54,2166,
36,55,2126,
36,56,2058,
36,57,2018,
36,58,1950,
36,59,1870,
36,60,1804,
36,61,1708,
36,62,1614,
36,63,1549,
36,64,1490,
36,65,1411,
36,66,1322,
36,67,1262,
36,68,1230,
36,69,1182,
36,70,1137,
36,71,1118,
36,72,1115,
36,73,1072,
36,74,1089,
36,75,1104,
36,76,1147,
36,77,1209,
36,78,1292,
36,79,1347,
36,80,1376,
36,81,1379,
36,82,1368,
36,83,1270,
36,84,1135,
36,85,957,
36,86,779,
36,87,575,
36,88,389,
36,89,263,
36,90,168,
36,91,102,
37,28,1661,
37,29,2302,
37,30,3086,
37,31,4074,
37,32,5136,
37,33,6218,
37,34,6831,
37,35,7454,
37,36,7826,
37,37,7937,
37,38,7715,
37,39,7195,
37,40,6394,
37,41,5595,
37,42,4891,
37,43,4401,
37,44,3932,
37,45,3600,
37,46,3333,
37,47,3125,
37,48,2952,
37,49,2807,
37,50,2734,
37,51,2613,
37,52,2528,
37,53,2475,
37,54,2364,
37,55,2272,
37,56,2187,
37,57,2117,
37,58,2069,
37,59,1980,
37,60,1907,
37,61,1799,
37,62,1692,
37,63,1603,
37,64,1527,
37,65,1455,
37,66,1380,
37,67,1314,
37,68,1279,
37,69,1227,
37,70,1183,
37,71,1167,
37,72,1154,
37,73,1127,
37,74,1150,
37,75,1184,
37,76,1269,
37,77,1310,
37,78,1406,
37,79,1474,
37,80,1503,
37,81,1496,
37,82,1478,
37,83,1384,
37,84,1239,
37,85,1024,
37,86,832,
37,87,629,
37,88,434,
37,89,286,
37,90,188,
37,91,124,
38,28,1539,
38,29,2185,
38,30,3012,
38,31,4068,
38,32,5345,
38,33,6674,
38,34,7539,
38,35,8377,
38,36,8897,
38,37,9058,
38,38,8881,
38,39,8383,
38,40,7494,
38,41,6520,
38,42,5707,
38,43,5079,
38,44,4529,
38,45,4144,
38,46,3822,
38,47,3608,
38,48,3378,
38,49,3235,
38,50,3124,
38,51,3001,
38,52,2873,
38,53,2774,
38,54,2620,
38,55,2556,
38,56,2387,
38,57,2311,
38,58,2250,
38,59,2112,
38,60,1999,
38,61,1894,
38,62,1800,
38,63,1713,
38,64,1654,
38,65,1570,
38,66,1498,
38,67,1416,
38,68,1348,
38,69,1285,
38,70,1256,
38,71,1236,
38,72,1222,
38,73,1219,
38,74,1238,
38,75,1308,
38,76,1375,
38,77,1441,
38,78,1530,
38,79,1617,
38,80,1646,
38,81,1653,
38,82,1594,
38,83,1507,
38,84,1341,
38,85,1117,
38,86,890,
38,87,686,
38,88,493,
38,89,332,
38,90,212,
38,91,158,
39,28,1387,
39,29,2017,
39,30,2877,
39,31,4069,
39,32,5554,
39,33,7048,
39,34,8154,
39,35,9095,
39,36,9656,
39,37,9991,
39,38,9903,
39,39,9431,
39,40,8511,
39,41,7470,
39,42,6477,
39,43,5814,
39,44,5136,
39,45,4681,
39,46,4331,
39,47,4088,
39,48,3810,
39,49,3613,
39,50,3469,
39,51,3332,
39,52,3194,
39,53,3074,
39,54,2905,
39,55,2785,
39,56,2648,
39,57,2544,
39,58,2431,
39,59,2291,
39,60,2154,
39,61,2029,
39,62,1903,
39,63,1820,
39,64,1728,
39,65,1661,
39,66,1559,
39,67,1488,
39,68,1432,
39,69,1383,
39,70,1352,
39,71,1325,
39,72,1328,
39,73,1312,
39,74,1361,
39,75,1419,
39,76,1511,
39,77,1566,
39,78,1667,
39,79,1759,
39,80,1798,
39,81,1805,
39,82,1735,
39,83,1611,
39,84,1441,
39,85,1206,
39,86,973,
39,87,744,
39,88,534,
39,89,371,
39,90,250,
39,91,180,
40,28,1187,
40,29,1791,
40,30,2692,
40,31,4048,
40,32,5686,
40,33,7273,
40,34,8497,
40,35,9527,
40,36,10236,
40,37,10568,
40,38,10612,
40,39,10172,
40,40,9260,
40,41,8132,
40,42,7108,
40,43,6254,
40,44,5636,
40,45,5140,
40,46,4670,
40,47,4397,
40,48,4150,
40,49,3919,
40,50,3730,
40,51,3597,
40,52,3438,
40,53,3301,
40,54,3125,
40,55,2991,
40,56,2790,
40,57,2685,
40,58,2547,
40,59,2392,
40,60,2282,
40,61,2120,
40,62,1996,
40,63,1889,
40,64,1807,
40,65,1695,
40,66,1608,
40,67,1526,
40,68,1511,
40,69,1465,
40,70,1415,
40,71,1397,
40,72,1383,
40,73,1381,
40,74,1455,
40,75,1484,
40,76,1605,
40,77,1670,
40,78,1777,
40,79,1861,
40,80,1905,
40,81,1899,
40,82,1836,
40,83,1682,
40,84,1508,
40,85,1263,
40,86,1042,
40,87,790,
40,88,574,
40,89,402,
40,90,268,
40,91,190,
41,28,922,
41,29,1531,
41,30,2408,
41,31,3870,
41,32,5618,
41,33,7342,
41,34,8687,
41,35,9823,
41,36,10509,
41,37,10957,
41,38,10983,
41,39,10569,
41,40,9721,
41,41,8567,
41,42,7406,
41,43,6583,
41,44,5871,
41,45,5371,
41,46,4900,
41,47,4563,
41,48,4286,
41,49,4034,
41,50,3866,
41,51,3691,
41,52,3567,
41,53,3389,
41,54,3236,
41,55,3089,
41,56,2891,
41,57,2725,
41,58,2613,
41,59,2452,
41,60,2308,
41,61,2139,
41,62,2038,
41,63,1908,
41,64,1825,
41,65,1735,
41,66,1658,
41,67,1575,
41,68,1537,
41,69,1480,
41,70,1468,
41,71,1412,
41,72,1407,
41,73,1418,
41,74,1500,
41,75,1556,
41,76,1668,
41,77,1733,
41,78,1835,
41,79,1911,
41,80,1954,
41,81,1992,
41,82,1912,
41,83,1770,
41,84,1585,
41,85,1342,
41,86,1078,
41,87,824,
41,88,607,
41,89,424,
41,90,275,
41,91,206,
42,28,797,
42,29,1359,
42,30,2273,
42,31,3753,
42,32,5535,
42,33,7358,
42,34,8754,
42,35,9934,
42,36,10700,
42,37,11151,
42,38,11177,
42,39,10754,
42,40,9842,
42,41,8669,
42,42,7456,
42,43,6629,
42,44,5916,
42,45,5413,
42,46,4953,
42,47,4633,
42,48,4366,
42,49,4095,
42,50,3883,
42,51,3747,
42,52,3585,
42,53,3392,
42,54,3249,
42,55,3120,
42,56,2893,
42,57,2779,
42,58,2608,
42,59,2481,
42,60,2300,
42,61,2152,
42,62,2046,
42,63,1936,
42,64,1830,
42,65,1762,
42,66,1662,
42,67,1586,
42,68,1514,
42,69,1495,
42,70,1435,
42,71,1421,
42,72,1434,
42,73,1450,
42,74,1530,
42,75,1589,
42,76,1677,
42,77,1778,
42,78,1852,
42,79,1934,
42,80,1984,
42,81,2000,
42,82,1932,
42,83,1792,
42,84,1621,
42,85,1373,
42,86,1108,
42,87,843,
42,88,612,
42,89,428,
42,90,280,
42,91,211,
43,28,898,
43,29,1484,
43,30,2470,
43,31,3977,
43,32,5692,
43,33,7468,
43,34,8909,
43,35,10023,
43,36,10779,
43,37,11229,
43,38,11215,
43,39,10740,
43,40,9828,
43,41,8595,
43,42,7404,
43,43,6585,
43,44,5899,
43,45,5349,
43,46,4880,
43,47,4634,
43,48,4347,
43,49,4095,
43,50,3888,
43,51,3751,
43,52,3571,
43,53,3391,
43,54,3236,
43,55,3102,
43,56,2908,
43,57,2780,
43,58,2608,
43,59,2442,
43,60,2286,
43,61,2141,
43,62,2025,
43,63,1890,
43,64,1825,
43,65,1724,
43,66,1646,
43,67,1560,
43,68,1509,
43,69,1471,
43,70,1459,
43,71,1419,
43,72,1457,
43,73,1449,
43,74,1513,
43,75,1553,
43,76,1677,
43,77,1764,
43,78,1872,
43,79,1923,
43,80,2007,
43,81,2032,
43,82,1954,
43,83,1802,
43,84,1637,
43,85,1379,
43,86,1139,
43,87,858,
43,88,622,
43,89,428,
43,90,286,
43,91,219,
44,28,1162,
44,29,1879,
44,30,2927,
44,31,4423,
44,32,6139,
44,33,7862,
44,34,9097,
44,35,10084,
44,36,10713,
44,37,11091,
44,38,11021,
44,39,10501,
44,40,9575,
44,41,8382,
44,42,7240,
44,43,6438,
44,44,5749,
44,45,5197,
44,46,4785,
44,47,4509,
44,48,4270,
44,49,3995,
44,50,3838,
44,51,3666,
44,52,3495,
44,53,3350,
44,54,3210,
44,55,3038,
44,56,2857,
44,57,2706,
44,58,2513,
44,59,2403,
44,60,2280,
44,61,2134,
44,62,1983,
44,63,1864,
44,64,1785,
44,65,1710,
44,66,1618,
44,67,1553,
44,68,1505,
44,69,1472,
44,70,1427,
44,71,1402,
44,72,1395,
44,73,1408,
44,74,1471,
44,75,1541,
44,76,1645,
44,77,1738,
44,78,1832,
44,79,1933,
44,80,1978,
44,81,2025,
44,82,1949,
44,83,1794,
44,84,1606,
44,85,1370,
44,86,1114,
44,87,853,
44,88,613,
44,89,424,
44,90,278,
44,91,210,
45,28,1540,
45,29,2330,
45,30,3404,
45,31,4882,
45,32,6561,
45,33,8135,
45,34,9170,
45,35,10016,
45,36,10515,
45,37,10809,
45,38,10648,
45,39,10054,
45,40,9099,
45,41,7944,
45,42,6796,
45,43,6077,
45,44,5444,
45,45,4992,
45,46,4582,
45,47,4312,
45,48,4066,
45,49,3830,
45,50,3658,
45,51,3516,
45,52,3385,
45,53,3237,
45,54,3088,
45,55,2939,
45,56,2732,
45,57,2594,
45,58,2445,
45,59,2314,
45,60,2200,
45,61,2070,
45,62,1924,
45,63,1804,
45,64,1751,
45,65,1648,
45,66,1568,
45,67,1518,
45,68,1458,
45,69,1393,
45,70,1369,
45,71,1364,
45,72,1349,
45,73,1375,
45,74,1450,
45,75,1544,
45,76,1612,
45,77,1674,
45,78,1762,
45,79,1882,
45,80,1921,
45,81,1935,
45,82,1856,
45,83,1736,
45,84,1548,
45,85,1322,
45,86,1085,
45,87,829,
45,88,591,
45,89,406,
45,90,263,
45,91,194,
46,28,1853,
46,29,2672,
46,30,3727,
46,31,5074,
46,32,6579,
46,33,8084,
46,34,8985,
46,35,9674,
46,36,10109,
46,37,10289,
46,38,10035,
46,39,9301,
46,40,8269,
46,41,7156,
46,42,6190,
46,43,5534,
46,44,4942,
46,45,4530,
46,46,4163,
46,47,3928,
46,48,3720,
46,49,3515,
46,50,3351,
46,51,3224,
46,52,3097,
46,53,3001,
46,54,2867,
46,55,2709,
46,56,2544,
46,57,2407,
46,58,2271,
46,59,2182,
46,60,2059,
46,61,1946,
46,62,1830,
46,63,1735,
46,64,1643,
46,65,1584,
46,66,1492,
46,67,1441,
46,68,1363,
46,69,1324,
46,70,1337,
46,71,1318,
46,72,1301,
46,73,1330,
46,74,1396,
46,75,1474,
46,76,1530,
46,77,1586,
46,78,1686,
46,79,1761,
46,80,1820,
46,81,1824,
46,82,1733,
46,83,1622,
46,84,1441,
46,85,1227,
46,86,989,
46,87,780,
46,88,545,
46,89,375,
46,90,246,
46,91,172,
47,28,2068,
47,29,2948,
47,30,3957,
47,31,5152,
47,32,6483,
47,33,7839,
47,34,8550,
47,35,9078,
47,36,9377,
47,37,9379,
47,38,8965,
47,39,8243,
47,40,7269,
47,41,6268,
47,42,5486,
47,43,4830,
47,44,4321,
47,45,3943,
47,46,3643,
47,47,3440,
47,48,3275,
47,49,3110,
47,50,2970,
47,51,2843,
47,52,2726,
47,53,2645,
47,54,2539,
47,55,2441,
47,56,2286,
47,57,2178,
47,58,2102,
47,59,2006,
47,60,1895,
47,61,1809,
47,62,1704,
47,63,1603,
47,64,1563,
47,65,1479,
47,66,1406,
47,67,1317,
47,68,1290,
47,69,1232,
47,70,1240,
47,71,1245,
47,72,1216,
47,73,1235,
47,74,1301,
47,75,1336,
47,76,1406,
47,77,1481,
47,78,1560,
47,79,1628,
47,80,1674,
47,81,1673,
47,82,1635,
47,83,1494,
47,84,1337,
47,85,1138,
47,86,938,
47,87,713,
47,88,508,
47,89,334,
47,90,214,
47,91,148,
48,28,2243,
48,29,3101,
48,30,4071,
48,31,5189,
48,32,6341,
48,33,7443,
48,34,7913,
48,35,8284,
48,36,8356,
48,37,8300,
48,38,7783,
48,39,7078,
48,40,6193,
48,41,5375,
48,42,4614,
48,43,4156,
48,44,3710,
48,45,3432,
48,46,3144,
48,47,2967,
48,48,2777,
48,49,2668,
48,50,2545,
48,51,2452,
48,52,2370,
48,53,2305,
48,54,2202,
48,55,2143,
48,56,2040,
48,57,1997,
48,58,1951,
48,59,1860,
48,60,1769,
48,61,1678,
48,62,1561,
48,63,1497,
48,64,1426,
48,65,1362,
48,66,1290,
48,67,1227,
48,68,1216,
48,69,1160,
48,70,1143,
48,71,1148,
48,72,1125,
48,73,1130,
48,74,1178,
48,75,1239,
48,76,1296,
48,77,1353,
48,78,1424,
48,79,1504,
48,80,1535,
48,81,1555,
48,82,1515,
48,83,1407,
48,84,1234,
48,85,1071,
48,86,863,
48,87,659,
48,88,457,
48,89,293,
48,90,187,
48,91,124,
49,28,2346,
49,29,3198,
49,30,4100,
49,31,5154,
49,32,6153,
49,33,7110,
49,34,7377,
49,35,7585,
49,36,7547,
49,37,7320,
49,38,6775,
49,39,6076,
49,40,5280,
49,41,4625,
49,42,4096,
49,43,3655,
49,44,3284,
49,45,3017,
49,46,2779,
49,47,2604,
49,48,2501,
49,49,2378,
49,50,2294,
49,51,2242,
49,52,2189,
49,53,2109,
49,54,2026,
49,55,1954,
49,56,1901,
49,57,1858,
49,58,1805,
49,59,1739,
49,60,1660,
49,61,1578,
49,62,1487,
49,63,1429,
49,64,1365,
49,65,1308,
49,66,1227,
49,67,1179,
49,68,1135,
49,69,1108,
49,70,1082,
49,71,1063,
49,72,1040,
49,73,1055,
49,74,1090,
49,75,1156,
49,76,1187,
49,77,1227,
49,78,1315,
49,79,1393,
49,80,1448,
49,81,1460,
49,82,1421,
49,83,1312,
49,84,1151,
49,85,985,
49,86,804,
49,87,615,
49,88,421,
49,89,278,
49,90,168,
49,91,104,
50,28,2377,
50,29,3165,
50,30,4025,
50,31,4986,
50,32,5906,
50,33,6684,
50,34,6840,
50,35,6970,
50,36,6834,
50,37,6490,
50,38,5929,
50,39,5303,
50,40,4655,
50,41,4106,
50,42,3652,
50,43,3353,
50,44,2996,
50,45,2793,
50,46,2546,
50,47,2457,
50,48,2340,
50,49,2272,
50,50,2164,
50,51,2138,
50,52,2077,
50,53,2028,
50,54,1919,
50,55,1891,
50,56,1828,
50,57,1787,
50,58,1754,
50,59,1695,
50,60,1611,
50,61,1533,
50,62,1487,
50,63,1427,
50,64,1352,
50,65,1275,
50,66,1219,
50,67,1122,
50,68,1082,
50,69,1041,
50,70,1042,
50,71,1021,
50,72,1016,
50,73,1017,
50,74,1044,
50,75,1090,
50,76,1118,
50,77,1169,
50,78,1237,
50,79,1293,
50,80,1362,
50,81,1384,
50,82,1344,
50,83,1250,
50,84,1101,
50,85,946,
50,86,783,
50,87,577,
50,88,396,
50,89,256,
50,90,162,
50,91,102,
51,28,2267,
51,29,3034,
51,30,3827,
51,31,4689,
51,32,5437,
51,33,5995,
51,34,6072,
51,35,6153,
51,36,5986,
51,37,5643,
51,38,5132,
51,39,4615,
51,40,4076,
51,41,3645,
51,42,3323,
51,43,3086,
51,44,2842,
51,45,2654,
51,46,2483,
51,47,2385,
51,48,2301,
51,49,2213,
51,50,2146,
51,51,2098,
51,52,2050,
51,53,1984,
51,54,1920,
51,55,1877,
51,56,1799,
51,57,1788,
51,58,1743,
51,59,1676,
51,60,1586,
51,61,1516,
51,62,1444,
51,63,1399,
51,64,1329,
51,65,1269,
51,66,1180,
51,67,1091,
51,68,1051,
51,69,1010,
51,70,1003,
51,71,989,
51,72,982,
51,73,997,
51,74,975,
51,75,1020,
51,76,1068,
51,77,1135,
51,78,1172,
51,79,1242,
51,80,1281,
51,81,1298,
51,82,1233,
51,83,1175,
51,84,1051,
51,85,925,
51,86,741,
51,87,564,
51,88,371,
51,89,242,
51,90,150,
51,91,100,
52,28,1976,
52,29,2709,
52,30,3440,
52,31,4208,
52,32,4788,
52,33,5191,
52,34,5204,
52,35,5243,
52,36,5037,
52,37,4818,
52,38,4401,
52,39,3999,
52,40,3644,
52,41,3381,
52,42,3125,
52,43,2964,
52,44,2731,
52,45,2580,
52,46,2421,
52,47,2350,
52,48,2240,
52,49,2196,
52,50,2140,
52,51,2098,
52,52,2044,
52,53,2006,
52,54,1961,
52,55,1920,
52,56,1873,
52,57,1821,
52,58,1778,
52,59,1694,
52,60,1608,
52,61,1533,
52,62,1448,
52,63,1386,
52,64,1343,
52,65,1269,
52,66,1180,
52,67,1100,
52,68,1043,
52,69,999,
52,70,968,
52,71,965,
52,72,951,
52,73,953,
52,74,942,
52,75,982,
52,76,1065,
52,77,1105,
52,78,1147,
52,79,1213,
52,80,1276,
52,81,1262,
52,82,1210,
52,83,1145,
52,84,1031,
52,85,869,
52,86,697,
52,87,518,
52,88,372,
52,89,237,
52,90,144,
52,91,99,
53,28,1576,
53,29,2188,
53,30,2842,
53,31,3508,
53,32,3980,
53,33,4354,
53,34,4361,
53,35,4356,
53,36,4227,
53,37,4038,
53,38,3765,
53,39,3527,
53,40,3286,
53,41,3114,
53,42,2971,
53,43,2856,
53,44,2665,
53,45,2529,
53,46,2411,
53,47,2350,
53,48,2250,
53,49,2188,
53,50,2154,
53,51,2118,
53,52,2078,
53,53,2069,
53,54,2008,
53,55,1960,
53,56,1913,
53,57,1853,
53,58,1794,
53,59,1754,
53,60,1678,
53,61,1560,
53,62,1461,
53,63,1427,
53,64,1355,
53,65,1289,
53,66,1205,
53,67,1100,
53,68,1038,
53,69,971,
53,70,944,
53,71,922,
53,72,925,
53,73,937,
53,74,940,
53,75,996,
53,76,1047,
53,77,1085,
53,78,1131,
53,79,1216,
53,80,1248,
53,81,1251,
53,82,1199,
53,83,1129,
53,84,988,
53,85,833,
53,86,663,
53,87,511,
53,88,353,
53,89,234,
53,90,149,
53,91,90,
54,28,1228,
54,29,1738,
54,30,2261,
54,31,2808,
54,32,3208,
54,33,3491,
54,34,3527,
54,35,3610,
54,36,3517,
54,37,3489,
54,38,3341,
54,39,3166,
54,40,3020,
54,41,2913,
54,42,2805,
54,43,2705,
54,44,2587,
54,45,2522,
54,46,2428,
54,47,2339,
54,48,2296,
54,49,2226,
54,50,2192,
54,51,2163,
54,52,2156,
54,53,2153,
54,54,2067,
54,55,2032,
54,56,1986,
54,57,1929,
54,58,1874,
54,59,1803,
54,60,1749,
54,61,1628,
54,62,1524,
54,63,1465,
54,64,1384,
54,65,1301,
54,66,1201,
54,67,1095,
54,68,1015,
54,69,954,
54,70,933,
54,71,923,
54,72,912,
54,73,924,
54,74,929,
54,75,978,
54,76,1033,
54,77,1108,
54,78,1140,
54,79,1199,
54,80,1243,
54,81,1214,
54,82,1193,
54,83,1120,
54,84,986,
54,85,825,
54,86,675,
54,87,516,
54,88,370,
54,89,229,
54,90,146,
54,91,89,
55,28,1003,
55,29,1405,
55,30,1832,
55,31,2251,
55,32,2577,
55,33,2844,
55,34,2899,
55,35,2982,
55,36,2976,
55,37,3037,
55,38,2960,
55,39,2911,
55,40,2812,
55,41,2801,
55,42,2714,
55,43,2655,
55,44,2535,
55,45,2507,
55,46,2413,
55,47,2383,
55,48,2327,
55,49,2282,
55,50,2237,
55,51,2214,
55,52,2218,
55,53,2193,
55,54,2127,
55,55,2096,
55,56,2051,
55,57,1983,
55,58,1934,
55,59,1865,
55,60,1821,
55,61,1680,
55,62,1574,
55,63,1507,
55,64,1392,
55,65,1299,
55,66,1218,
55,67,1117,
55,68,1027,
55,69,978,
55,70,950,
55,71,924,
55,72,920,
55,73,914,
55,74,933,
55,75,969,
55,76,1051,
55,77,1129,
55,78,1155,
55,79,1214,
55,80,1254,
55,81,1255,
55,82,1187,
55,83,1128,
55,84,999,
55,85,847,
55,86,675,
55,87,535,
55,88,359,
55,89,232,
55,90,145,
55,91,91,
56,28,838,
56,29,1204,
56,30,1557,
56,31,1934,
56,32,2230,
56,33,2465,
56,34,2520,
56,35,2589,
56,36,2628,
56,37,2708,
56,38,2688,
56,39,2670,
56,40,2655,
56,41,2626,
56,42,2631,
56,43,2582,
56,44,2522,
56,45,2484,
56,46,2466,
56,47,2433,
56,48,2407,
56,49,2363,
56,50,2349,
56,51,2317,
56,52,2331,
56,53,2289,
56,54,2221,
56,55,2198,
56,56,2154,
56,57,2079,
56,58,2034,
56,59,1979,
56,60,1911,
56,61,1757,
56,62,1634,
56,63,1536,
56,64,1442,
56,65,1340,
56,66,1257,
56,67,1164,
56,68,1058,
56,69,983,
56,70,963,
56,71,940,
56,72,924,
56,73,924,
56,74,961,
56,75,1000,
56,76,1067,
56,77,1143,
56,78,1192,
56,79,1243,
56,80,1271,
56,81,1267,
56,82,1234,
56,83,1140,
56,84,1015,
56,85,860,
56,86,693,
56,87,527,
56,88,375,
56,89,233,
56,90,150,
56,91,93,
57,28,752,
57,29,1046,
57,30,1352,
57,31,1666,
57,32,1939,
57,33,2138,
57,34,2198,
57,35,2282,
57,36,2298,
57,37,2406,
57,38,2426,
57,39,2457,
57,40,2463,
57,41,2462,
57,42,2473,
57,43,2480,
57,44,2475,
57,45,2525,
57,46,2463,
57,47,2464,
57,48,2458,
57,49,2441,
57,50,2426,
57,51,2423,
57,52,2428,
57,53,2391,
57,54,2296,
57,55,2293,
57,56,2238,
57,57,2195,
57,58,2120,
57,59,2062,
57,60,2002,
57,61,1831,
57,62,1682,
57,63,1606,
57,64,1486,
57,65,1382,
57,66,1278,
57,67,1205,
57,68,1109,
57,69,1047,
57,70,1004,
57,71,988,
57,72,948,
57,73,958,
57,74,998,
57,75,1061,
57,76,1120,
57,77,1186,
57,78,1243,
57,79,1275,
57,80,1287,
57,81,1321,
57,82,1290,
57,83,1206,
57,84,1029,
57,85,867,
57,86,706,
57,87,524,
57,88,364,
57,89,246,
57,90,151,
57,91,90,
58,28,705,
58,29,929,
58,30,1188,
58,31,1495,
58,32,1735,
58,33,1906,
58,34,1961,
58,35,2019,
58,36,2078,
58,37,2144,
58,38,2176,
58,39,2234,
58,40,2292,
58,41,2333,
58,42,2343,
58,43,2358,
58,44,2411,
58,45,2436,
58,46,2430,
58,47,2460,
58,48,2516,
58,49,2493,
58,50,2498,
58,51,2472,
58,52,2503,
58,53,2442,
58,54,2407,
58,55,2383,
58,56,2323,
58,57,2232,
58,58,2183,
58,59,2101,
58,60,2049,
58,61,1889,
58,62,1785,
58,63,1687,
58,64,1565,
58,65,1455,
58,66,1361,
58,67,1235,
58,68,1165,
58,69,1074,
58,70,1054,
58,71,1009,
58,72,1004,
58,73,1002,
58,74,1056,
58,75,1099,
58,76,1167,
58,77,1209,
58,78,1282,
58,79,1320,
58,80,1323,
58,81,1338,
58,82,1321,
58,83,1208,
58,84,1042,
58,85,874,
58,86,717,
58,87,531,
58,88,370,
58,89,251,
58,90,153,
58,91,90,
59,28,642,
59,29,867,
59,30,1074,
59,31,1343,
59,32,1581,
59,33,1752,
59,34,1766,
59,35,1872,
59,36,1926,
59,37,1996,
59,38,2010,
59,39,2071,
59,40,2148,
59,41,2201,
59,42,2210,
59,43,2260,
59,44,2347,
59,45,2404,
59,46,2396,
59,47,2493,
59,48,2545,
59,49,2551,
59,50,2550,
59,51,2518,
59,52,2511,
59,53,2487,
59,54,2458,
59,55,2423,
59,56,2333,
59,57,2268,
59,58,2241,
59,59,2169,
59,60,2114,
59,61,2009,
59,62,1880,
59,63,1756,
59,64,1630,
59,65,1548,
59,66,1432,
59,67,1318,
59,68,1217,
59,69,1141,
59,70,1077,
59,71,1040,
59,72,1018,
59,73,1031,
59,74,1068,
59,75,1143,
59,76,1203,
59,77,1262,
59,78,1320,
59,79,1359,
59,80,1382,
59,81,1382,
59,82,1332,
59,83,1240,
59,84,1085,
59,85,906,
59,86,730,
59,87,548,
59,88,382,
59,89,256,
59,90,142,
59,91,86,
60,28,625,
60,29,823,
60,30,1028,
60,31,1251,
60,32,1453,
60,33,1594,
60,34,1633,
60,35,1718,
60,36,1781,
60,37,1867,
60,38,1894,
60,39,1928,
60,40,2005,
60,41,2068,
60,42,2115,
60,43,2192,
60,44,2266,
60,45,2326,
60,46,2398,
60,47,2486,
60,48,2520,
60,49,2524,
60,50,2569,
60,51,2537,
60,52,2529,
60,53,2490,
60,54,2491,
60,55,2432,
60,56,2355,
60,57,2316,
60,58,2290,
60,59,2213,
60,60,2192,
60,61,2066,
60,62,1951,
60,63,1830,
60,64,1730,
60,65,1618,
60,66,1525,
60,67,1373,
60,68,1314,
60,69,1205,
60,70,1110,
60,71,1056,
60,72,1043,
60,73,1058,
60,74,1112,
60,75,1185,
60,76,1278,
60,77,1326,
60,78,1368,
60,79,1417,
60,80,1445,
60,81,1446,
60,82,1390,
60,83,1273,
60,84,1124,
60,85,935,
60,86,747,
60,87,559,
60,88,388,
60,89,255,
60,90,145,
60,91,85,
61,28,589,
61,29,778,
61,30,992,
61,31,1201,
61,32,1370,
61,33,1502,
61,34,1536,
61,35,1597,
61,36,1663,
61,37,1713,
61,38,1758,
61,39,1801,
61,40,1878,
61,41,1929,
61,42,2020,
61,43,2089,
61,44,2172,
61,45,2274,
61,46,2344,
61,47,2425,
61,48,2476,
61,49,2513,
61,50,2556,
61,51,2537,
61,52,2530,
61,53,2485,
61,54,2495,
61,55,2455,
61,56,2373,
61,57,2338,
61,58,2301,
61,59,2240,
61,60,2229,
61,61,2134,
61,62,2051,
61,63,1934,
61,64,1833,
61,65,1743,
61,66,1608,
61,67,1460,
61,68,1359,
61,69,1241,
61,70,1165,
61,71,1105,
61,72,1105,
61,73,1117,
61,74,1170,
61,75,1222,
61,76,1301,
61,77,1348,
61,78,1430,
61,79,1499,
61,80,1534,
61,81,1524,
61,82,1468,
61,83,1334,
61,84,1150,
61,85,980,
61,86,772,
61,87,577,
61,88,401,
61,89,258,
61,90,148,
61,91,96,
62,28,563,
62,29,734,
62,30,936,
62,31,1138,
62,32,1278,
62,33,1403,
62,34,1429,
62,35,1484,
62,36,1509,
62,37,1579,
62,38,1635,
62,39,1691,
62,40,1723,
62,41,1827,
62,42,1878,
62,43,1976,
62,44,2064,
62,45,2188,
62,46,2263,
62,47,2371,
62,48,2418,
62,49,2470,
62,50,2529,
62,51,2503,
62,52,2508,
62,53,2446,
62,54,2434,
62,55,2411,
62,56,2332,
62,57,2288,
62,58,2272,
62,59,2219,
62,60,2217,
62,61,2164,
62,62,2100,
62,63,1996,
62,64,1885,
62,65,1794,
62,66,1685,
62,67,1529,
62,68,1450,
62,69,1306,
62,70,1218,
62,71,1169,
62,72,1175,
62,73,1169,
62,74,1223,
62,75,1280,
62,76,1340,
62,77,1393,
62,78,1503,
62,79,1556,
62,80,1625,
62,81,1594,
62,82,1512,
62,83,1355,
62,84,1196,
62,85,1007,
62,86,815,
62,87,607,
62,88,427,
62,89,271,
62,90,149,
62,91,93,
63,28,532,
63,29,674,
63,30,873,
63,31,1055,
63,32,1188,
63,33,1310,
63,34,1341,
63,35,1385,
63,36,1414,
63,37,1459,
63,38,1557,
63,39,1574,
63,40,1626,
63,41,1684,
63,42,1770,
63,43,1859,
63,44,1929,
63,45,2079,
63,46,2183,
63,47,2261,
63,48,2340,
63,49,2409,
63,50,2452,
63,51,2452,
63,52,2435,
63,53,2400,
63,54,2379,
63,55,2383,
63,56,2309,
63,57,2244,
63,58,2245,
63,59,2193,
63,60,2191,
63,61,2182,
63,62,2128,
63,63,2029,
63,64,1924,
63,65,1826,
63,66,1727,
63,67,1607,
63,68,1491,
63,69,1359,
63,70,1295,
63,71,1223,
63,72,1204,
63,73,1229,
63,74,1278,
63,75,1324,
63,76,1395,
63,77,1473,
63,78,1543,
63,79,1611,
63,80,1667,
63,81,1633,
63,82,1562,
63,83,1421,
63,84,1249,
63,85,1049,
63,86,830,
63,87,626,
63,88,446,
63,89,271,
63,90,154,
63,91,94,
64,28,494,
64,29,635,
64,30,815,
64,31,979,
64,32,1105,
64,33,1227,
64,34,1249,
64,35,1320,
64,36,1317,
64,37,1353,
64,38,1407,
64,39,1469,
64,40,1490,
64,41,1570,
64,42,1673,
64,43,1748,
64,44,1827,
64,45,1965,
64,46,2028,
64,47,2126,
64,48,2209,
64,49,2281,
64,50,2377,
64,51,2358,
64,52,2347,
64,53,2328,
64,54,2299,
64,55,2275,
64,56,2216,
64,57,2176,
64,58,2151,
64,59,2124,
64,60,2157,
64,61,2124,
64,62,2079,
64,63,2006,
64,64,1905,
64,65,1837,
64,66,1749,
64,67,1645,
64,68,1519,
64,69,1392,
64,70,1318,
64,71,1255,
64,72,1238,
64,73,1247,
64,74,1308,
64,75,1346,
64,76,1431,
64,77,1524,
64,78,1625,
64,79,1676,
64,80,1729,
64,81,1704,
64,82,1607,
64,83,1454,
64,84,1280,
64,85,1088,
64,86,863,
64,87,646,
64,88,450,
64,89,275,
64,90,164,
64,91,103,
65,28,464,
65,29,596,
65,30,759,
65,31,911,
65,32,1033,
65,33,1139,
65,34,1162,
65,35,1225,
65,36,1249,
65,37,1263,
65,38,1311,
65,39,1348,
65,40,1382,
65,41,1445,
65,42,1519,
65,43,1630,
65,44,1684,
65,45,1811,
65,46,1907,
65,47,1987,
65,48,2083,
65,49,2193,
65,50,2278,
65,51,2275,
65,52,2269,
65,53,2242,
65,54,2196,
65,55,2180,
65,56,2139,
65,57,2093,
65,58,2076,
65,59,2039,
65,60,2113,
65,61,2083,
65,62,2053,
65,63,1975,
65,64,1918,
65,65,1832,
65,66,1764,
65,67,1639,
65,68,1539,
65,69,1365,
65,70,1300,
65,71,1262,
65,72,1259,
65,73,1253,
65,74,1328,
65,75,1358,
65,76,1451,
65,77,1551,
65,78,1675,
65,79,1726,
65,80,1781,
65,81,1744,
65,82,1648,
65,83,1485,
65,84,1311,
65,85,1093,
65,86,878,
65,87,648,
65,88,453,
65,89,288,
65,90,182,
65,91,107,
66,28,427,
66,29,562,
66,30,711,
66,31,854,
66,32,965,
66,33,1071,
66,34,1076,
66,35,1124,
66,36,1145,
66,37,1154,
66,38,1183,
66,39,1240,
66,40,1286,
66,41,1354,
66,42,1377,
66,43,1465,
66,44,1546,
66,45,1666,
66,46,1767,
66,47,1850,
66,48,1942,
66,49,2038,
66,50,2115,
66,51,2121,
66,52,2108,
66,53,2076,
66,54,2020,
66,55,2041,
66,56,2032,
66,57,1995,
66,58,1957,
66,59,1932,
66,60,2001,
66,61,2031,
66,62,2012,
66,63,1985,
66,64,1890,
66,65,1824,
66,66,1721,
66,67,1635,
66,68,1498,
66,69,1377,
66,70,1292,
66,71,1275,
66,72,1237,
66,73,1258,
66,74,1313,
66,75,1379,
66,76,1467,
66,77,1550,
66,78,1677,
66,79,1774,
66,80,1804,
66,81,1795,
66,82,1707,
66,83,1571,
66,84,1370,
66,85,1135,
66,86,906,
66,87,674,
66,88,455,
66,89,287,
66,90,185,
66,91,122,
67,28,400,
67,29,519,
67,30,654,
67,31,788,
67,32,906,
67,33,993,
67,34,1006,
67,35,1025,
67,36,1033,
67,37,1060,
67,38,1093,
67,39,1141,
67,40,1201,
67,41,1256,
67,42,1264,
67,43,1339,
67,44,1396,
67,45,1512,
67,46,1614,
67,47,1706,
67,48,1798,
67,49,1897,
67,50,1963,
67,51,1982,
67,52,1952,
67,53,1930,
67,54,1898,
67,55,1928,
67,56,1933,
67,57,1879,
67,58,1850,
67,59,1826,
67,60,1912,
67,61,1933,
67,62,1955,
67,63,1914,
67,64,1841,
67,65,1767,
67,66,1714,
67,67,1574,
67,68,1492,
67,69,1334,
67,70,1272,
67,71,1238,
67,72,1246,
67,73,1234,
67,74,1308,
67,75,1371,
67,76,1478,
67,77,1575,
67,78,1705,
67,79,1785,
67,80,1827,
67,81,1809,
67,82,1738,
67,83,1589,
67,84,1397,
67,85,1178,
67,86,934,
67,87,686,
67,88,472,
67,89,299,
67,90,194,
67,91,133,
68,28,376,
68,29,489,
68,30,611,
68,31,725,
68,32,811,
68,33,898,
68,34,902,
68,35,923,
68,36,956,
68,37,954,
68,38,976,
68,39,1050,
68,40,1082,
68,41,1127,
68,42,1162,
68,43,1199,
68,44,1271,
68,45,1371,
68,46,1458,
68,47,1550,
68,48,1651,
68,49,1754,
68,50,1822,
68,51,1835,
68,52,1804,
68,53,1770,
68,54,1787,
68,55,1819,
68,56,1814,
68,57,1787,
68,58,1756,
68,59,1755,
68,60,1826,
68,61,1892,
68,62,1840,
68,63,1793,
68,64,1727,
68,65,1688,
68,66,1617,
68,67,1543,
68,68,1423,
68,69,1301,
68,70,1227,
68,71,1195,
68,72,1188,
68,73,1216,
68,74,1307,
68,75,1372,
68,76,1495,
68,77,1628,
68,78,1740,
68,79,1812,
68,80,1865,
68,81,1841,
68,82,1788,
68,83,1643,
68,84,1461,
68,85,1215,
68,86,954,
68,87,701,
68,88,485,
68,89,313,
68,90,199,
68,91,134,
69,28,351,
69,29,470,
69,30,576,
69,31,669,
69,32,756,
69,33,802,
69,34,806,
69,35,823,
69,36,852,
69,37,869,
69,38,880,
69,39,916,
69,40,941,
69,41,993,
69,42,1026,
69,43,1095,
69,44,1161,
69,45,1218,
69,46,1299,
69,47,1377,
69,48,1443,
69,49,1554,
69,50,1634,
69,51,1671,
69,52,1676,
69,53,1659,
69,54,1672,
69,55,1690,
69,56,1687,
69,57,1664,
69,58,1654,
69,59,1639,
69,60,1724,
69,61,1738,
69,62,1714,
69,63,1681,
69,64,1650,
69,65,1595,
69,66,1556,
69,67,1457,
69,68,1355,
69,69,1249,
69,70,1187,
69,71,1177,
69,72,1196,
69,73,1214,
69,74,1284,
69,75,1379,
69,76,1514,
69,77,1642,
69,78,1766,
69,79,1822,
69,80,1878,
69,81,1891,
69,82,1834,
69,83,1692,
69,84,1518,
69,85,1233,
69,86,969,
69,87,713,
69,88,506,
69,89,332,
69,90,207,
69,91,135,
70,28,311,
70,29,431,
70,30,530,
70,31,614,
70,32,681,
70,33,744,
70,34,726,
70,35,741,
70,36,765,
70,37,786,
70,38,780,
70,39,815,
70,40,849,
70,41,888,
70,42,927,
70,43,994,
70,44,1042,
70,45,1107,
70,46,1168,
70,47,1248,
70,48,1292,
70,49,1371,
70,50,1473,
70,51,1518,
70,52,1515,
70,53,1534,
70,54,1541,
70,55,1558,
70,56,1559,
70,57,1529,
70,58,1519,
70,59,1537,
70,60,1581,
70,61,1612,
70,62,1600,
70,63,1562,
70,64,1534,
70,65,1503,
70,66,1427,
70,67,1348,
70,68,1250,
70,69,1166,
70,70,1144,
70,71,1149,
70,72,1166,
70,73,1202,
70,74,1261,
70,75,1349,
70,76,1487,
70,77,1637,
70,78,1751,
70,79,1849,
70,80,1895,
70,81,1897,
70,82,1835,
70,83,1711,
70,84,1507,
70,85,1287,
70,86,1005,
70,87,737,
70,88,535,
70,89,353,
70,90,210,
70,91,142,
71,28,273,
71,29,377,
71,30,454,
71,31,534,
71,32,610,
71,33,676,
71,34,663,
71,35,683,
71,36,688,
71,37,712,
71,38,726,
71,39,752,
71,40,771,
71,41,805,
71,42,848,
71,43,881,
71,44,948,
71,45,988,
71,46,1049,
71,47,1108,
71,48,1173,
71,49,1226,
71,50,1315,
71,51,1348,
71,52,1376,
71,53,1379,
71,54,1417,
71,55,1433,
71,56,1442,
71,57,1425,
71,58,1412,
71,59,1427,
71,60,1454,
71,61,1498,
71,62,1499,
71,63,1463,
71,64,1428,
71,65,1389,
71,66,1355,
71,67,1260,
71,68,1162,
71,69,1117,
71,70,1072,
71,71,1087,
71,72,1123,
71,73,1145,
71,74,1246,
71,75,1324,
71,76,1461,
71,77,1594,
71,78,1736,
71,79,1806,
71,80,1899,
71,81,1893,
71,82,1831,
71,83,1704,
71,84,1545,
71,85,1298,
71,86,1040,
71,87,776,
71,88,563,
71,89,364,
71,90,234,
71,91,149,
72,28,253,
72,29,327,
72,30,409,
72,31,484,
72,32,554,
72,33,606,
72,34,628,
72,35,636,
72,36,646,
72,37,650,
72,38,664,
72,39,683,
72,40,710,
72,41,729,
72,42,778,
72,43,836,
72,44,868,
72,45,933,
72,46,974,
72,47,1001,
72,48,1054,
72,49,1130,
72,50,1205,
72,51,1262,
72,52,1288,
72,53,1287,
72,54,1316,
72,55,1330,
72,56,1346,
72,57,1355,
72,58,1346,
72,59,1370,
72,60,1386,
72,61,1406,
72,62,1416,
72,63,1380,
72,64,1349,
72,65,1298,
72,66,1261,
72,67,1199,
72,68,1110,
72,69,1057,
72,70,1034,
72,71,1036,
72,72,1051,
72,73,1114,
72,74,1198,
72,75,1284,
72,76,1433,
72,77,1560,
72,78,1696,
72,79,1798,
72,80,1904,
72,81,1912,
72,82,1847,
72,83,1727,
72,84,1571,
72,85,1334,
72,86,1083,
72,87,795,
72,88,588,
72,89,388,
72,90,252,
72,91,156,
73,28,240,
73,29,297,
73,30,374,
73,31,448,
73,32,515,
73,33,555,
73,34,560,
73,35,584,
73,36,594,
73,37,595,
73,38,613,
73,39,625,
73,40,660,
73,41,675,
73,42,731,
73,43,787,
73,44,832,
73,45,862,
73,46,903,
73,47,926,
73,48,956,
73,49,1015,
73,50,1103,
73,51,1136,
73,52,1166,
73,53,1188,
73,54,1228,
73,55,1228,
73,56,1238,
73,57,1273,
73,58,1276,
73,59,1307,
73,60,1332,
73,61,1339,
73,62,1321,
73,63,1301,
73,64,1276,
73,65,1245,
73,66,1189,
73,67,1136,
73,68,1043,
73,69,1008,
73,70,987,
73,71,1003,
73,72,1000,
73,73,1064,
73,74,1157,
73,75,1234,
73,76,1385,
73,77,1505,
73,78,1659,
73,79,1778,
73,80,1849,
73,81,1879,
73,82,1826,
73,83,1715,
73,84,1574,
73,85,1365,
73,86,1114,
73,87,846,
73,88,623,
73,89,409,
73,90,269,
73,91,173,
74,28,219,
74,29,279,
74,30,329,
74,31,406,
74,32,474,
74,33,516,
74,34,517,
74,35,534,
74,36,541,
74,37,556,
74,38,563,
74,39,600,
74,40,623,
74,41,642,
74,42,689,
74,43,730,
74,44,767,
74,45,810,
74,46,839,
74,47,879,
74,48,919,
74,49,947,
74,50,993,
74,51,1030,
74,52,1074,
74,53,1106,
74,54,1151,
74,55,1175,
74,56,1182,
74,57,1193,
74,58,1226,
74,59,1254,
74,60,1298,
74,61,1308,
74,62,1293,
74,63,1264,
74,64,1255,
74,65,1204,
74,66,1151,
74,67,1065,
74,68,991,
74,69,951,
74,70,945,
74,71,971,
74,72,1003,
74,73,1045,
74,74,1130,
74,75,1196,
74,76,1335,
74,77,1425,
74,78,1581,
74,79,1684,
74,80,1781,
74,81,1820,
74,82,1787,
74,83,1703,
74,84,1561,
74,85,1346,
74,86,1130,
74,87,855,
74,88,630,
74,89,436,
74,90,283,
74,91,176,
75,28,194,
75,29,243,
75,30,302,
75,31,373,
75,32,428,
75,33,472,
75,34,493,
75,35,495,
75,36,511,
75,37,514,
75,38,532,
75,39,558,
75,40,606,
75,41,634,
75,42,657,
75,43,678,
75,44,734,
75,45,749,
75,46,778,
75,47,844,
75,48,887,
75,49,895,
75,50,939,
75,51,961,
75,52,1000,
75,53,1042,
75,54,1080,
75,55,1132,
75,56,1136,
75,57,1149,
75,58,1192,
75,59,1224,
75,60,1218,
75,61,1260,
75,62,1246,
75,63,1221,
75,64,1186,
75,65,1154,
75,66,1083,
75,67,1017,
75,68,962,
75,69,962,
75,70,924,
75,71,929,
75,72,948,
75,73,1012,
75,74,1083,
75,75,1166,
75,76,1246,
75,77,1335,
75,78,1468,
75,79,1583,
75,80,1675,
75,81,1728,
75,82,1723,
75,83,1653,
75,84,1514,
75,85,1312,
75,86,1120,
75,87,856,
75,88,631,
75,89,432,
75,90,301,
75,91,184,
76,28,171,
76,29,209,
76,30,263,
76,31,325,
76,32,374,
76,33,426,
76,34,446,
76,35,453,
76,36,464,
76,37,486,
76,38,514,
76,39,543,
76,40,576,
76,41,624,
76,42,626,
76,43,647,
76,44,682,
76,45,706,
76,46,747,
76,47,820,
76,48,862,
76,49,877,
76,50,899,
76,51,944,
76,52,984,
76,53,999,
76,54,1067,
76,55,1108,
76,56,1120,
76,57,1143,
76,58,1182,
76,59,1184,
76,60,1187,
76,61,1168,
76,62,1168,
76,63,1137,
76,64,1115,
76,65,1089,
76,66,1059,
76,67,977,
76,68,955,
76,69,926,
76,70,896,
76,71,887,
76,72,903,
76,73,966,
76,74,1030,
76,75,1091,
76,76,1181,
76,77,1237,
76,78,1361,
76,79,1469,
76,80,1538,
76,81,1598,
76,82,1604,
76,83,1548,
76,84,1422,
76,85,1247,
76,86,1054,
76,87,843,
76,88,624,
76,89,442,
76,90,296,
76,91,197,
77,28,131,
77,29,177,
77,30,220,
77,31,278,
77,32,316,
77,33,366,
77,34,380,
77,35,407,
77,36,427,
77,37,460,
77,38,485,
77,39,502,
77,40,548,
77,41,590,
77,42,616,
77,43,632,
77,44,666,
77,45,713,
77,46,736,
77,47,792,
77,48,841,
77,49,831,
77,50,870,
77,51,925,
77,52,953,
77,53,976,
77,54,1003,
77,55,1076,
77,56,1080,
77,57,1092,
77,58,1119,
77,59,1147,
77,60,1128,
77,61,1126,
77,62,1102,
77,63,1095,
77,64,1060,
77,65,1045,
77,66,992,
77,67,935,
77,68,926,
77,69,885,
77,70,858,
77,71,856,
77,72,863,
77,73,907,
77,74,970,
77,75,1011,
77,76,1082,
77,77,1146,
77,78,1241,
77,79,1331,
77,80,1410,
77,81,1452,
77,82,1468,
77,83,1428,
77,84,1328,
77,85,1174,
77,86,1007,
77,87,799,
77,88,608,
77,89,442,
77,90,285,
77,91,201,
78,28,99,
78,29,133,
78,30,176,
78,31,214,
78,32,260,
78,33,297,
78,34,313,
78,35,342,
78,36,378,
78,37,413,
78,38,448,
78,39,465,
78,40,501,
78,41,543,
78,42,571,
78,43,597,
78,44,643,
78,45,683,
78,46,711,
78,47,756,
78,48,793,
78,49,806,
78,50,842,
78,51,871,
78,52,944,
78,53,952,
78,54,983,
78,55,1019,
78,56,1017,
78,57,1016,
78,58,1056,
78,59,1048,
78,60,1074,
78,61,1064,
78,62,1049,
78,63,1039,
78,64,1012,
78,65,979,
78,66,937,
78,67,882,
78,68,862,
78,69,846,
78,70,828,
78,71,819,
78,72,825,
78,73,828,
78,74,881,
78,75,927,
78,76,964,
78,77,1009,
78,78,1092,
78,79,1154,
78,80,1215,
78,81,1289,
78,82,1324,
78,83,1265,
78,84,1203,
78,85,1063,
78,86,902,
78,87,745,
78,88,580,
78,89,433,
78,90,291,
78,91,203,
79,28,73,
79,29,98,
79,30,125,
79,31,158,
79,32,190,
79,33,226,
79,34,251,
79,35,286,
79,36,322,
79,37,362,
79,38,387,
79,39,414,
79,40,455,
79,41,499,
79,42,523,
79,43,558,
79,44,585,
79,45,632,
79,46,671,
79,47,716,
79,48,754,
79,49,789,
79,50,809,
79,51,828,
79,52,864,
79,53,909,
79,54,923,
79,55,949,
79,56,960,
79,57,964,
79,58,963,
79,59,973,
79,60,990,
79,61,981,
79,62,963,
79,63,950,
79,64,922,
79,65,902,
79,66,837,
79,67,789,
79,68,791,
79,69,757,
79,70,752,
79,71,746,
79,72,730,
79,73,734,
79,74,763,
79,75,805,
79,76,855,
79,77,882,
79,78,930,
79,79,980,
79,80,1038,
79,81,1090,
79,82,1120,
79,83,1082,
79,84,1037,
79,85,931,
79,86,793,
79,87,659,
79,88,540,
79,89,404,
79,90,276,
79,91,202,
80,28,50,
80,29,75,
80,30,93,
80,31,118,
80,32,145,
80,33,169,
80,34,190,
80,35,235,
80,36,269,
80,37,302,
80,38,324,
80,39,361,
80,40,395,
80,41,436,
80,42,479,
80,43,507,
80,44,531,
80,45,574,
80,46,601,
80,47,638,
80,48,664,
80,49,708,
80,50,743,
80,51,748,
80,52,794,
80,53,814,
80,54,836,
80,55,862,
80,56,860,
80,57,873,
80,58,884,
80,59,868,
80,60,891,
80,61,851,
80,62,839,
80,63,832,
80,64,819,
80,65,796,
80,66,750,
80,67,709,
80,68,701,
80,69,678,
80,70,675,
80,71,657,
80,72,650,
80,73,637,
80,74,656,
80,75,680,
80,76,702,
80,77,729,
80,78,754,
80,79,794,
80,80,852,
80,81,898,
80,82,919,
80,83,918,
80,84,864,
80,85,767,
80,86,658,
80,87,569,
80,88,454,
80,89,347,
80,90,256,
80,91,183,
81,28,35,
81,29,54,
81,30,70,
81,31,86,
81,32,105,
81,33,123,
81,34,145,
81,35,186,
81,36,215,
81,37,251,
81,38,274,
81,39,305,
81,40,330,
81,41,367,
81,42,413,
81,43,445,
81,44,469,
81,45,505,
81,46,531,
81,47,562,
81,48,572,
81,49,613,
81,50,664,
81,51,667,
81,52,711,
81,53,724,
81,54,729,
81,55,748,
81,56,757,
81,57,776,
81,58,767,
81,59,750,
81,60,757,
81,61,731,
81,62,714,
81,63,708,
81,64,684,
81,65,658,
81,66,636,
81,67,617,
81,68,603,
81,69,589,
81,70,573,
81,71,563,
81,72,549,
81,73,540,
81,74,552,
81,75,563,
81,76,567,
81,77,579,
81,78,600,
81,79,625,
81,80,669,
81,81,702,
81,82,726,
81,83,724,
81,84,691,
81,85,616,
81,86,548,
81,87,459,
81,88,372,
81,89,286,
81,90,207,
81,91,159,
82,28,17,
82,29,30,
82,30,44,
82,31,58,
82,32,74,
82,33,85,
82,34,103,
82,35,137,
82,36,166,
82,37,196,
82,38,221,
82,39,261,
82,40,283,
82,41,304,
82,42,342,
82,43,373,
82,44,398,
82,45,430,
82,46,455,
82,47,474,
82,48,482,
82,49,531,
82,50,559,
82,51,564,
82,52,594,
82,53,627,
82,54,622,
82,55,636,
82,56,647,
82,57,668,
82,58,640,
82,59,620,
82,60,633,
82,61,606,
82,62,583,
82,63,589,
82,64,576,
82,65,549,
82,66,521,
82,67,516,
82,68,492,
82,69,475,
82,70,477,
82,71,465,
82,72,455,
82,73,452,
82,74,445,
82,75,442,
82,76,431,
82,77,450,
82,78,451,
82,79,458,
82,80,477,
82,81,506,
82,82,526,
82,83,538,
82,84,522,
82,85,482,
82,86,426,
82,87,362,
82,88,293,
82,89,224,
82,90,171,
82,91,122,
83,28,6,
83,29,12,
83,30,20,
83,31,30,
83,32,41,
83,33,56,
83,34,67,
83,35,95,
83,36,114,
83,37,138,
83,38,156,
83,39,199,
83,40,214,
83,41,244,
83,42,272,
83,43,296,
83,44,315,
83,45,340,
83,46,371,
83,47,389,
83,48,397,
83,49,440,
83,50,469,
83,51,473,
83,52,499,
83,53,507,
83,54,520,
83,55,522,
83,56,527,
83,57,528,
83,58,509,
83,59,484,
83,60,498,
83,61,471,
83,62,469,
83,63,474,
83,64,448,
83,65,437,
83,66,415,
83,67,406,
83,68,389,
83,69,376,
83,70,381,
83,71,365,
83,72,359,
83,73,350,
83,74,345,
83,75,332,
83,76,329,
83,77,327,
83,78,335,
83,79,326,
83,80,337,
83,81,345,
83,82,385,
83,83,394,
83,84,374,
83,85,349,
83,86,310,
83,87,268,
83,88,220,
83,89,174,
83,90,136,
83,91,103,
84,28,1,
84,29,4,
84,30,9,
84,31,16,
84,32,22,
84,33,28,
84,34,44,
84,35,56,
84,36,76,
84,37,97,
84,38,118,
84,39,131,
84,40,162,
84,41,182,
84,42,206,
84,43,224,
84,44,238,
84,45,250,
84,46,285,
84,47,309,
84,48,321,
84,49,353,
84,50,382,
84,51,384,
84,52,377,
84,53,386,
84,54,390,
84,55,407,
84,56,403,
84,57,389,
84,58,376,
84,59,370,
84,60,349,
84,61,345,
84,62,334,
84,63,334,
84,64,313,
84,65,316,
84,66,310,
84,67,304,
84,68,300,
84,69,295,
84,70,285,
84,71,261,
84,72,257,
84,73,254,
84,74,252,
84,75,255,
84,76,237,
84,77,230,
84,78,229,
84,79,223,
84,80,227,
84,81,240,
84,82,256,
84,83,277,
84,84,261,
84,85,239,
84,86,219,
84,87,193,
84,88,163,
84,89,127,
84,90,107,
84,91,88,
